{"type": "block", "layer": 3, "block": 0, "features": [{"geom": {"pts": [[-26.08823414087581, -25.5428359304322, 29.474933258204718]], "w": 1.0000546050255958, "d": 1.0000546050255958, "h": 1.0000212142207536}, "mtl": 0, "prop": ["351629", "Virtual", "2442"], "lh": 5.0086207263385445}, {"geom": {"pts": [[19.012200315588867, -34.9750913682384, 19.603741522889063]], "w": 1.0000546050255958, "d": 1.0000546050255958, "h": 1.0000212142207536}, "mtl": 0, "prop": ["391647", "Virtual", "1457"], "lh": 5.0086207263385445}], "featureCount": 2}